{
  "Movies": [
    {
      "Id": "784f1d07-77f9-4d34-8677-da344dd5f8e5",
      "Title": "Star Wars: Episode IV - A New Hope",
      "Description": "Luke Skywalker joins forces with Princess Leia to battle the evil Empire.",
      "Director": "George Lucas",
      "Rating": "PG",
      "ReleaseDate": "May 25, 1977",
      "ReviewScore": "8.6"
    },
    {
      "Id": "3248ce16-2a6e-4c9f-b1dd-41f2434933be",
      "Title": "Star Wars: Episode V - The Empire Strikes Back",
      "Description": "The Empire counterattacks the Rebel Alliance on the ice planet Hoth.",
      "Director": "Irvin Kershner",
      "Rating": "PG",
      "ReleaseDate": "May 21, 1980",
      "ReviewScore": "8.7"
    },
    {
      "Id": "30a93a64-3cb7-48f8-a449-fdeaac176bcf",
      "Title": "Star Wars: Episode VI - Return of the Jedi",
      "Description": "Luke Skywalker confronts Darth Vader and the Emperor.",
      "Director": "Richard Marquand",
      "Rating": "PG",
      "ReleaseDate": "May 25, 1983",
      "ReviewScore": "8.3"
    },
    {
      "Id": "82353ede-2d20-478e-82b2-d09cb7293436",
      "Title": "Star Wars: Episode I - The Phantom Menace",
      "Description": "Young Anakin Skywalker's journey to becoming a Jedi.",
      "Director": "George Lucas",
      "Rating": "PG",
      "ReleaseDate": "May 19, 1999",
      "ReviewScore": "6.5"
    },
    {
      "Id": "06614dd1-645d-4613-a9f3-48a2e5e90f79",
      "Title": "Star Wars: Episode II - Attack of the Clones",
      "Description": "Obi-Wan Kenobi investigates a separatist conspiracy.",
      "Director": "George Lucas",
      "Rating": "PG",
      "ReleaseDate": "May 16, 2002",
      "ReviewScore": "6.5"
    },
    {
      "Id": "e7c5d592-cec4-41ed-a8c7-0b25dd41de88",
      "Title": "Star Wars: Episode III - Revenge of the Sith",
      "Description": "Anakin Skywalker's transformation into Darth Vader.",
      "Director": "George Lucas",
      "Rating": "PG-13",
      "ReleaseDate": "May 19, 2005",
      "ReviewScore": "7.5"
    },
    {
      "Id": "98ad4dc7-5b69-405c-acfd-78122960b518",
      "Title": "Star Wars: Episode VII - The Force Awakens",
      "Description": "A new generation of heroes and villains emerges.",
      "Director": "J.J. Abrams",
      "Rating": "PG-13",
      "ReleaseDate": "December 18, 2015",
      "ReviewScore": "7.8"
    },
    {
      "Id": "4a832153-6317-4049-b5c4-24e4e6d3a2dc",
      "Title": "Star Wars: Episode VIII - The Last Jedi",
      "Description": "The Resistance faces the First Order once more.",
      "Director": "Rian Johnson",
      "Rating": "PG-13",
      "ReleaseDate": "December 15, 2017",
      "ReviewScore": "7.0"
    },
    {
      "Id": "49d2a65a-52e1-45a7-8cf3-63bfd4056fa0",
      "Title": "Star Wars: Episode IX - The Rise of Skywalker",
      "Description": "The final battle between the Jedi and the Sith.",
      "Director": "J.J. Abrams",
      "Rating": "PG-13",
      "ReleaseDate": "December 20, 2019",
      "ReviewScore": "6.5"
    },
    {
      "Id": "46446934-eb32-403d-8913-5b9e87953448",
      "Title": "Raiders of the Lost Ark",
      "Description": "Indiana Jones hunts for the Ark of the Covenant.",
      "Director": "Steven Spielberg",
      "Rating": "PG",
      "ReleaseDate": "June 12, 1981",
      "ReviewScore": "8.4"
    },
    {
      "Id": "54ff7b30-ed26-4253-87ed-47cc7cc64cbe",
      "Title": "Indiana Jones and the Temple of Doom",
      "Description": "Indy seeks a mystical stone and faces a cult.",
      "Director": "Steven Spielberg",
      "Rating": "PG",
      "ReleaseDate": "May 23, 1984",
      "ReviewScore": "7.6"
    },
    {
      "Id": "112ccdb5-bb4a-4de0-ad74-688150390c22",
      "Title": "Indiana Jones and the Last Crusade",
      "Description": "Indiana Jones seeks the Holy Grail.",
      "Director": "Steven Spielberg",
      "Rating": "PG-13",
      "ReleaseDate": "May 24, 1989",
      "ReviewScore": "8.2"
    },
    {
      "Id": "6b9f2315-78bd-4797-90f2-e27682481171",
      "Title": "Indiana Jones and the Kingdom of the Crystal Skull",
      "Description": "Indy faces Soviet agents and ancient aliens.",
      "Director": "Steven Spielberg",
      "Rating": "PG-13",
      "ReleaseDate": "May 22, 2008",
      "ReviewScore": "6.1"
    },
    {
      "Id": "3fa85f64-5717-4562-b3fc-2c963f66afa6",
      "Title": "Test1-Change",
      "Description": "string",
      "Director": "strign",
      "Rating": "safsd",
      "ReleaseDate": "asdf",
      "ReviewScore": "sdaf"
    }
  ]
}